{
  "project_info": {
    "project_number": "464156065492",
    "project_id": "social-sync-57709",
    "storage_bucket": "social-sync-57709.appspot.com"
  },
  "client": [
    {
      "client_info": {
        "mobilesdk_app_id": "1:464156065492:android:7da306def336bea1360541",
        "android_client_info": {
          "package_name": "com.example.socialsync"
        }
      },
      "oauth_client": [],
      "api_key": [
        {
          "current_key": "AIzaSyADGDwWFzi1672jnqtdrAN3kvc-L_joY9Y"
        }
      ],
      "services": {
        "appinvite_service": {
          "other_platform_oauth_client": []
        }
      }
    }
  ],
  "configuration_version": "1"
}